Workbook

Sheet Weekly Inputs
A1: MARKETING INPUTS - What We're Doing
A3: PAID ADS | E3: PROSPECTING | G3: CONTENT | H3: EMAIL
A4: Week | B4: Ads Running | C4: Ad Budget | D4: Clicks | E4: Conn. Requests | F4: Follows | G4: LI Posts | H4: Newsletters | I4: List Size
A5: W5 (Jan 26)
A6: W6 (Feb 2)
A7: W7 (Feb 9)
A8: W8 (Feb 16)
A9: W9 (Feb 23)
A10: W10 (Mar 2)
A11: W11 (Mar 9)
A12: W12 (Mar 16)
A13: W13 (Mar 23)
A14: W14 (Mar 30)
A15: W15 (Apr 6)
A16: W16 (Apr 13)
A17: W17 (Apr 20)
A18: TOTAL | B18: =SUM(B5:B17) | C18: =SUM(C5:C17) | D18: =SUM(D5:D17) | E18: =SUM(E5:E17) | F18: =SUM(F5:F17) | G18: =SUM(G5:G17) | H18: =SUM(H5:H17) | I18: =I17

Sheet Weekly Outputs
A1: MARKETING OUTPUTS - What We're Getting
A3: PAID ADS | F3: PROSPECTING | H3: CONTENT | J3: EMAIL
A4: Week | B4: Leads | C4: Calls | D4: Cost/Lead | E4: Cost/Call | F4: New Conns | G4: Growth % | H4: Impressions | I4: Profile Views | J4: Opens | K4: Open Rate
A5: W5 (Jan 26) | D5: =IF(B5>0,'Weekly Inputs'!C5/B5,0) | E5: =IF(C5>0,'Weekly Inputs'!C5/C5,0) | K5: =IF('Weekly Inputs'!I5>0,J5/'Weekly Inputs'!I5,0)
A6: W6 (Feb 2) | D6: =IF(B6>0,'Weekly Inputs'!C6/B6,0) | E6: =IF(C6>0,'Weekly Inputs'!C6/C6,0) | G6: =IF('Weekly Inputs'!I5>0,F6/'Weekly Inputs'!I5,0) | K6: =IF('Weekly Inputs'!I6>0,J6/'Weekly Inputs'!I6,0)
A7: W7 (Feb 9) | D7: =IF(B7>0,'Weekly Inputs'!C7/B7,0) | E7: =IF(C7>0,'Weekly Inputs'!C7/C7,0) | G7: =IF('Weekly Inputs'!I6>0,F7/'Weekly Inputs'!I6,0) | K7: =IF('Weekly Inputs'!I7>0,J7/'Weekly Inputs'!I7,0)
A8: W8 (Feb 16) | D8: =IF(B8>0,'Weekly Inputs'!C8/B8,0) | E8: =IF(C8>0,'Weekly Inputs'!C8/C8,0) | G8: =IF('Weekly Inputs'!I7>0,F8/'Weekly Inputs'!I7,0) | K8: =IF('Weekly Inputs'!I8>0,J8/'Weekly Inputs'!I8,0)
A9: W9 (Feb 23) | D9: =IF(B9>0,'Weekly Inputs'!C9/B9,0) | E9: =IF(C9>0,'Weekly Inputs'!C9/C9,0) | G9: =IF('Weekly Inputs'!I8>0,F9/'Weekly Inputs'!I8,0) | K9: =IF('Weekly Inputs'!I9>0,J9/'Weekly Inputs'!I9,0)
A10: W10 (Mar 2) | D10: =IF(B10>0,'Weekly Inputs'!C10/B10,0) | E10: =IF(C10>0,'Weekly Inputs'!C10/C10,0) | G10: =IF('Weekly Inputs'!I9>0,F10/'Weekly Inputs'!I9,0) | K10: =IF('Weekly Inputs'!I10>0,J10/'Weekly Inputs'!I10,0)
A11: W11 (Mar 9) | D11: =IF(B11>0,'Weekly Inputs'!C11/B11,0) | E11: =IF(C11>0,'Weekly Inputs'!C11/C11,0) | G11: =IF('Weekly Inputs'!I10>0,F11/'Weekly Inputs'!I10,0) | K11: =IF('Weekly Inputs'!I11>0,J11/'Weekly Inputs'!I11,0)
A12: W12 (Mar 16) | D12: =IF(B12>0,'Weekly Inputs'!C12/B12,0) | E12: =IF(C12>0,'Weekly Inputs'!C12/C12,0) | G12: =IF('Weekly Inputs'!I11>0,F12/'Weekly Inputs'!I11,0) | K12: =IF('Weekly Inputs'!I12>0,J12/'Weekly Inputs'!I12,0)
A13: W13 (Mar 23) | D13: =IF(B13>0,'Weekly Inputs'!C13/B13,0) | E13: =IF(C13>0,'Weekly Inputs'!C13/C13,0) | G13: =IF('Weekly Inputs'!I12>0,F13/'Weekly Inputs'!I12,0) | K13: =IF('Weekly Inputs'!I13>0,J13/'Weekly Inputs'!I13,0)
A14: W14 (Mar 30) | D14: =IF(B14>0,'Weekly Inputs'!C14/B14,0) | E14: =IF(C14>0,'Weekly Inputs'!C14/C14,0) | G14: =IF('Weekly Inputs'!I13>0,F14/'Weekly Inputs'!I13,0) | K14: =IF('Weekly Inputs'!I14>0,J14/'Weekly Inputs'!I14,0)
A15: W15 (Apr 6) | D15: =IF(B15>0,'Weekly Inputs'!C15/B15,0) | E15: =IF(C15>0,'Weekly Inputs'!C15/C15,0) | G15: =IF('Weekly Inputs'!I14>0,F15/'Weekly Inputs'!I14,0) | K15: =IF('Weekly Inputs'!I15>0,J15/'Weekly Inputs'!I15,0)
A16: W16 (Apr 13) | D16: =IF(B16>0,'Weekly Inputs'!C16/B16,0) | E16: =IF(C16>0,'Weekly Inputs'!C16/C16,0) | G16: =IF('Weekly Inputs'!I15>0,F16/'Weekly Inputs'!I15,0) | K16: =IF('Weekly Inputs'!I16>0,J16/'Weekly Inputs'!I16,0)
A17: W17 (Apr 20) | D17: =IF(B17>0,'Weekly Inputs'!C17/B17,0) | E17: =IF(C17>0,'Weekly Inputs'!C17/C17,0) | G17: =IF('Weekly Inputs'!I16>0,F17/'Weekly Inputs'!I16,0) | K17: =IF('Weekly Inputs'!I17>0,J17/'Weekly Inputs'!I17,0)
A18: TOTAL / AVG | B18: =SUM(B5:B17) | C18: =SUM(C5:C17) | D18: =AVERAGE(D5:D17) | E18: =AVERAGE(E5:E17) | F18: =SUM(F5:F17) | G18: =AVERAGE(G5:G17) | H18: =SUM(H5:H17) | I18: =SUM(I5:I17) | J18: =SUM(J5:J17) | K18: =AVERAGE(K5:K17)

Sheet VA Daily Log
A1: VA DAILY PROSPECTING LOG
A2: Fill this out daily. Numbers roll up to Weekly Inputs automatically.
A4: Date | B4: Profiles Visited | C4: Likes | D4: Follows | E4: Conn. Requests | F4: Notes
A37: WEEKLY SUMMARY
A38: Week | B38: Profiles | C38: Likes | D38: Follows | E38: Requests
A39: Week 5
A40: Week 6
A41: Week 7
A42: Week 8
A43: Week 9

Sheet Weekly Checklist
A1: WEEKLY REVIEW CHECKLIST
A3: Done | B3: Task | C3: Notes
A4: ☐ | B4: Pull LinkedIn analytics (impressions, profile views)
A5: ☐ | B5: Check connection count - note growth
A6: ☐ | B6: Get VA's weekly prospecting numbers from VA Daily Log tab
A7: ☐ | B7: Log ad spend and results from ad platform
A8: ☐ | B8: Pull email stats (sends, opens) from email platform
A9: ☐ | B9: Note any booked calls and their source
A10: ☐ | B10: Update Weekly Inputs tab with all data
A11: ☐ | B11: Review Weekly Outputs tab - any trends?
A12: ☐ | B12: Follow up with VA on any blockers
